<annotation>
	<folder>ora_kepek</folder>
	<filename>51o67RkgMeL._AC_UL320_.jpg</filename>
	<path>E:\suli\ora_kepek\51o67RkgMeL._AC_UL320_.jpg</path>
	<source>
		<database>Unknown</database>
	</source>
	<size>
		<width>147</width>
		<height>320</height>
		<depth>3</depth>
	</size>
	<segmented>0</segmented>
	<object>
		<name>watch</name>
		<pose>Unspecified</pose>
		<truncated>0</truncated>
		<difficult>0</difficult>
		<bndbox>
			<xmin>4</xmin>
			<ymin>5</ymin>
			<xmax>142</xmax>
			<ymax>318</ymax>
		</bndbox>
	</object>
</annotation>
