<annotation>
	<folder>ora_kepek</folder>
	<filename>61E0hBBe0uL._AC_UL320_.jpg</filename>
	<path>E:\suli\ora_kepek\61E0hBBe0uL._AC_UL320_.jpg</path>
	<source>
		<database>Unknown</database>
	</source>
	<size>
		<width>178</width>
		<height>320</height>
		<depth>3</depth>
	</size>
	<segmented>0</segmented>
	<object>
		<name>watch</name>
		<pose>Unspecified</pose>
		<truncated>1</truncated>
		<difficult>0</difficult>
		<bndbox>
			<xmin>4</xmin>
			<ymin>3</ymin>
			<xmax>176</xmax>
			<ymax>320</ymax>
		</bndbox>
	</object>
</annotation>
