<annotation>
	<folder>ora_kepek</folder>
	<filename>61gXzToA0ZL._AC_UL320_.jpg</filename>
	<path>E:\suli\ora_kepek\61gXzToA0ZL._AC_UL320_.jpg</path>
	<source>
		<database>Unknown</database>
	</source>
	<size>
		<width>320</width>
		<height>282</height>
		<depth>3</depth>
	</size>
	<segmented>0</segmented>
	<object>
		<name>watch</name>
		<pose>Unspecified</pose>
		<truncated>0</truncated>
		<difficult>0</difficult>
		<bndbox>
			<xmin>10</xmin>
			<ymin>2</ymin>
			<xmax>317</xmax>
			<ymax>280</ymax>
		</bndbox>
	</object>
</annotation>
