<annotation>
	<folder>ora_kepek</folder>
	<filename>61h9CJC6fnS._AC_UL320_.jpg</filename>
	<path>E:\suli\ora_kepek\61h9CJC6fnS._AC_UL320_.jpg</path>
	<source>
		<database>Unknown</database>
	</source>
	<size>
		<width>147</width>
		<height>320</height>
		<depth>3</depth>
	</size>
	<segmented>0</segmented>
	<object>
		<name>watch</name>
		<pose>Unspecified</pose>
		<truncated>0</truncated>
		<difficult>0</difficult>
		<bndbox>
			<xmin>3</xmin>
			<ymin>2</ymin>
			<xmax>146</xmax>
			<ymax>314</ymax>
		</bndbox>
	</object>
</annotation>
