<annotation>
	<folder>ora_kepek</folder>
	<filename>61IA8i7O6dL._AC_UL320_.jpg</filename>
	<path>E:\suli\ora_kepek\61IA8i7O6dL._AC_UL320_.jpg</path>
	<source>
		<database>Unknown</database>
	</source>
	<size>
		<width>228</width>
		<height>320</height>
		<depth>3</depth>
	</size>
	<segmented>0</segmented>
	<object>
		<name>watch</name>
		<pose>Unspecified</pose>
		<truncated>1</truncated>
		<difficult>0</difficult>
		<bndbox>
			<xmin>1</xmin>
			<ymin>1</ymin>
			<xmax>228</xmax>
			<ymax>319</ymax>
		</bndbox>
	</object>
</annotation>
