<annotation>
	<folder>ora_kepek</folder>
	<filename>61M5EMiKYGL._AC_UL320_.jpg</filename>
	<path>E:\suli\ora_kepek\61M5EMiKYGL._AC_UL320_.jpg</path>
	<source>
		<database>Unknown</database>
	</source>
	<size>
		<width>176</width>
		<height>320</height>
		<depth>1</depth>
	</size>
	<segmented>0</segmented>
	<object>
		<name>watch</name>
		<pose>Unspecified</pose>
		<truncated>1</truncated>
		<difficult>0</difficult>
		<bndbox>
			<xmin>2</xmin>
			<ymin>2</ymin>
			<xmax>176</xmax>
			<ymax>320</ymax>
		</bndbox>
	</object>
</annotation>
